index,class_representation,visual_fidelity,structural_integrity,diversity,beneficial_variations,explanation,filename,class_name,real_filename
1,0.9,0.8,0.9,0.3,0.4,"The image maintains the core features of an airplane and is distinguishable. However, there are some visual artifacts and slight distortions.",aug-1-0.png,airplane,2007_004988.jpg
2,0.8,0.7,0.8,0.5,0.6,"The image is recognizable as an airplane but has noticeable artifacts and some structural distortions. The context is slightly different, adding some diversity.",aug-1-1.png,airplane,2007_004988.jpg
3,0.7,0.6,0.7,0.6,0.5,"The image is somewhat distorted and has visual artifacts. The context is different, providing diversity, but the structural integrity is compromised.",aug-1-2.png,airplane,2007_004988.jpg
4,0.9,0.8,0.9,0.4,0.5,"The image is clear and maintains the core features of an airplane. There are minor artifacts, and the context is slightly different, adding some diversity.",aug-1-3.png,airplane,2007_004988.jpg
5,0.6,0.5,0.6,0.7,0.6,"The image is taken from a different angle, providing diversity. However, it is blurry and has significant visual artifacts, affecting its fidelity and structural integrity.",aug-1-4.png,airplane,2007_004988.jpg
6,0.5,0.4,0.5,0.8,0.7,"The image is taken from a unique angle, adding diversity. However, it is blurry and lacks clarity, affecting its visual fidelity and structural integrity.",aug-1-5.png,airplane,2007_004988.jpg
7,0.4,0.3,0.4,0.9,0.8,"The image is highly diverse with a unique angle and context. However, it is blurry and lacks clarity, significantly affecting its visual fidelity and structural integrity.",aug-1-6.png,airplane,2007_004988.jpg
8,0.6,0.5,0.6,0.7,0.7,"The image shows two airplanes, adding diversity. However, it is blurry and has visual artifacts, affecting its visual fidelity and structural integrity.",aug-1-7.png,airplane,2007_004988.jpg
9,0.9,0.8,0.9,0.4,0.5,"The image maintains the core features of an airplane and is distinguishable. There are minor visual artifacts, and the context is slightly different, adding some diversity.",aug-1-8.png,airplane,2007_004988.jpg
10,0.9,0.8,0.9,0.4,0.5,"The image maintains the core features of an airplane and is distinguishable. There are minor visual artifacts, and the context is slightly different, adding some diversity.",aug-1-9.png,airplane,2007_004988.jpg
1,0.5,0.3,0.4,0.7,0.6,"The image is heavily distorted, making it difficult to distinguish the airplane. However, some key features are still somewhat recognizable.",aug-0-0.png,airplane,2007_009348.jpg
2,0.6,0.4,0.5,0.8,0.7,"The image shows multiple airplanes but is distorted. The core features are somewhat visible, but the quality is low.",aug-0-1.png,airplane,2007_009348.jpg
3,0.7,0.5,0.6,0.8,0.7,"The image is clearer than the previous ones, with multiple airplanes visible. However, the distortion affects the overall quality.",aug-0-2.png,airplane,2007_009348.jpg
4,0.8,0.6,0.7,0.8,0.8,"The airplane is more distinguishable, and the image quality is better. The context is appropriate, but some distortion remains.",aug-0-3.png,airplane,2007_009348.jpg
5,0.9,0.7,0.8,0.9,0.9,"The airplane is clearly visible, and the image quality is good. The context and variations are beneficial for classification.",aug-0-4.png,airplane,2007_009348.jpg
6,0.8,0.7,0.8,0.9,0.9,"The airplane is in flight, providing a different viewpoint. The image quality is good, and the variations are beneficial.",aug-0-5.png,airplane,2007_009348.jpg
7,0.7,0.6,0.7,0.8,0.8,"The airplane is visible, but the image is somewhat distorted. The context and variations are beneficial for classification.",aug-0-6.png,airplane,2007_009348.jpg
8,0.8,0.7,0.8,0.9,0.9,"The airplane is in flight, providing a different viewpoint. The image quality is good, and the variations are beneficial.",aug-0-7.png,airplane,2007_009348.jpg
9,0.9,0.8,0.9,0.9,0.9,"The airplane is clearly visible, and the image quality is good. The context and variations are beneficial for classification.",aug-0-8.png,airplane,2007_009348.jpg
10,0.9,0.8,0.9,0.9,0.9,"The airplane is clearly visible, and the image quality is good. The context and variations are beneficial for classification.",aug-0-9.png,airplane,2007_009348.jpg
1,0.8,0.7,0.8,0.6,0.7,The image maintains the core features of a bicycle but has some visual artifacts and slight distortions. The context is similar to the reference image.,aug-2-0.png,bicycle,2008_005839.jpg
2,0.8,0.7,0.8,0.6,0.7,The image maintains the core features of a bicycle but has some visual artifacts and slight distortions. The context is similar to the reference image.,aug-2-1.png,bicycle,2008_005839.jpg
3,0.5,0.5,0.4,0.7,0.6,"The image is partially cropped, losing some key features of a bicycle. The context is different, and the structure is somewhat distorted.",aug-2-2.png,bicycle,2008_005839.jpg
4,0.8,0.7,0.8,0.6,0.7,The image maintains the core features of a bicycle but has some visual artifacts and slight distortions. The context is similar to the reference image.,aug-2-3.png,bicycle,2008_005839.jpg
5,0.6,0.6,0.7,0.8,0.8,"The image has a different style and context but still represents a bicycle. The structure is mostly intact, and the variations are beneficial.",aug-2-4.png,bicycle,2008_005839.jpg
6,0.7,0.7,0.8,0.7,0.8,The image maintains the core features of a bicycle but has some visual artifacts and slight distortions. The context is different but still relevant.,aug-2-5.png,bicycle,2008_005839.jpg
7,0.8,0.8,0.9,0.7,0.8,The image maintains the core features of a bicycle with good visual fidelity and structural integrity. The context is different but still relevant.,aug-2-6.png,bicycle,2008_005839.jpg
8,0.8,0.7,0.8,0.6,0.7,The image maintains the core features of a bicycle but has some visual artifacts and slight distortions. The context is similar to the reference image.,aug-2-7.png,bicycle,2008_005839.jpg
9,0.8,0.7,0.8,0.6,0.7,The image maintains the core features of a bicycle but has some visual artifacts and slight distortions. The context is similar to the reference image.,aug-2-8.png,bicycle,2008_005839.jpg
10,0.4,0.5,0.4,0.7,0.6,"The image is partially cropped, losing some key features of a bicycle. The context is different, and the structure is somewhat distorted.",aug-2-9.png,bicycle,2008_005839.jpg
1,0.7,0.6,0.5,0.8,0.7,"The image maintains the core features of a bicycle but has some distortions and artifacts. The structure is somewhat altered, but it introduces beneficial variations in design.",aug-3-0.png,bicycle,2009_003519.jpg
2,0.9,0.8,0.9,0.5,0.6,This image closely resembles the reference bicycle with minor distortions. It maintains high structural integrity and introduces some beneficial variations.,aug-3-1.png,bicycle,2009_003519.jpg
3,0.6,0.5,0.6,0.7,0.6,"The image has significant distortions but still represents a bicycle. The structure is somewhat maintained, and it introduces some diversity and beneficial variations.",aug-3-2.png,bicycle,2009_003519.jpg
4,0.5,0.4,0.4,0.8,0.7,"The image has noticeable distortions and artifacts, affecting its visual fidelity and structural integrity. However, it introduces significant diversity and beneficial variations.",aug-3-3.png,bicycle,2009_003519.jpg
5,0.4,0.3,0.3,0.9,0.8,"The image is heavily distorted, affecting its class representation and structural integrity. It introduces high diversity and beneficial variations.",aug-3-4.png,bicycle,2009_003519.jpg
6,0.6,0.5,0.5,0.7,0.7,"The image maintains some core features of a bicycle but has distortions. The structure is somewhat altered, but it introduces beneficial variations in design.",aug-3-5.png,bicycle,2009_003519.jpg
7,0.7,0.6,0.6,0.8,0.7,"The image maintains the core features of a bicycle but has some distortions and artifacts. The structure is somewhat altered, but it introduces beneficial variations in design.",aug-3-6.png,bicycle,2009_003519.jpg
8,0.6,0.5,0.5,0.7,0.7,"The image maintains some core features of a bicycle but has distortions. The structure is somewhat altered, but it introduces beneficial variations in design.",aug-3-7.png,bicycle,2009_003519.jpg
9,0.8,0.7,0.7,0.6,0.7,The image closely resembles the reference bicycle with minor distortions. It maintains high structural integrity and introduces some beneficial variations.,aug-3-8.png,bicycle,2009_003519.jpg
10,0.7,0.6,0.6,0.7,0.7,"The image maintains the core features of a bicycle but has some distortions and artifacts. The structure is somewhat altered, but it introduces beneficial variations in design.",aug-3-9.png,bicycle,2009_003519.jpg
1,0.0,0.0,0.0,0.0,0.0,The image does not contain any bird and is completely irrelevant to the class.,aug-5-0.png,bird,2009_000746.jpg
2,0.0,0.0,0.0,0.0,0.0,The image does not contain any bird and is completely irrelevant to the class.,aug-5-1.png,bird,2009_000746.jpg
3,0.5,0.5,0.5,0.5,0.5,The image contains a bird but it is not clear and well-formed. The bird is distinguishable but not in high quality.,aug-5-2.png,bird,2009_000746.jpg
4,0.0,0.0,0.0,0.0,0.0,The image does not contain any bird and is completely irrelevant to the class.,aug-5-3.png,bird,2009_000746.jpg
5,0.0,0.0,0.0,0.0,0.0,The image does not contain any bird and is completely irrelevant to the class.,aug-5-4.png,bird,2009_000746.jpg
6,0.0,0.0,0.0,0.0,0.0,The image does not contain any bird and is completely irrelevant to the class.,aug-5-5.png,bird,2009_000746.jpg
7,0.0,0.0,0.0,0.0,0.0,The image does not contain any bird and is completely irrelevant to the class.,aug-5-6.png,bird,2009_000746.jpg
8,0.0,0.0,0.0,0.0,0.0,The image does not contain any bird and is completely irrelevant to the class.,aug-5-7.png,bird,2009_000746.jpg
9,0.0,0.0,0.0,0.0,0.0,The image does not contain any bird and is completely irrelevant to the class.,aug-5-8.png,bird,2009_000746.jpg
10,0.0,0.0,0.0,0.0,0.0,The image does not contain any bird and is completely irrelevant to the class.,aug-5-9.png,bird,2009_000746.jpg
1,0.0,0.5,0.5,0.8,0.7,"The image does not represent a bird at all. It shows a person on a roof, which is irrelevant to the bird class. The visual fidelity and structural integrity are moderate for the context of a person on a roof, but not for a bird.",aug-4-0.png,bird,2010_000075.jpg
2,0.0,0.6,0.6,0.8,0.7,"The image does not represent a bird. It shows an object on a roof, which is irrelevant to the bird class. The visual fidelity and structural integrity are moderate for the context of an object on a roof, but not for a bird.",aug-4-1.png,bird,2010_000075.jpg
3,0.0,0.6,0.6,0.8,0.7,"The image does not represent a bird. It shows an object on a roof, which is irrelevant to the bird class. The visual fidelity and structural integrity are moderate for the context of an object on a roof, but not for a bird.",aug-4-2.png,bird,2010_000075.jpg
4,0.0,0.7,0.7,0.8,0.7,"The image does not represent a bird. It shows a roof, which is irrelevant to the bird class. The visual fidelity and structural integrity are moderate for the context of a roof, but not for a bird.",aug-4-3.png,bird,2010_000075.jpg
5,0.0,0.5,0.5,0.8,0.7,"The image does not represent a bird. It shows a person with a head covering, which is irrelevant to the bird class. The visual fidelity and structural integrity are moderate for the context of a person, but not for a bird.",aug-4-4.png,bird,2010_000075.jpg
6,0.0,0.6,0.6,0.8,0.7,"The image does not represent a bird. It shows an object on a roof, which is irrelevant to the bird class. The visual fidelity and structural integrity are moderate for the context of an object on a roof, but not for a bird.",aug-4-5.png,bird,2010_000075.jpg
7,0.0,0.5,0.5,0.8,0.7,"The image does not represent a bird. It shows a roof with a small chimney, which is irrelevant to the bird class. The visual fidelity and structural integrity are moderate for the context of a roof, but not for a bird.",aug-4-6.png,bird,2010_000075.jpg
8,0.0,0.6,0.6,0.8,0.7,"The image does not represent a bird. It shows a roof, which is irrelevant to the bird class. The visual fidelity and structural integrity are moderate for the context of a roof, but not for a bird.",aug-4-7.png,bird,2010_000075.jpg
9,0.0,0.6,0.6,0.8,0.7,"The image does not represent a bird. It shows a roof, which is irrelevant to the bird class. The visual fidelity and structural integrity are moderate for the context of a roof, but not for a bird.",aug-4-8.png,bird,2010_000075.jpg
10,0.0,0.6,0.6,0.8,0.7,"The image does not represent a bird. It shows a roof, which is irrelevant to the bird class. The visual fidelity and structural integrity are moderate for the context of a roof, but not for a bird.",aug-4-9.png,bird,2010_000075.jpg
1,1.0,0.9,1.0,0.2,0.3,The image is very similar to the reference with minor changes in lighting and angle. Maintains class identity and structure well.,aug-7-0.png,boat,2007_007415.jpg
2,1.0,0.8,1.0,0.5,0.6,The image shows a different boat with a hand in the foreground. Maintains class identity and structure but has more variation in context.,aug-7-1.png,boat,2007_007415.jpg
3,1.0,0.9,1.0,0.3,0.4,The image is very similar to the reference with minor changes in lighting and angle. Maintains class identity and structure well.,aug-7-2.png,boat,2007_007415.jpg
4,1.0,0.9,1.0,0.4,0.5,The image shows a different boat with slight changes in context and angle. Maintains class identity and structure well.,aug-7-3.png,boat,2007_007415.jpg
5,1.0,0.9,1.0,0.4,0.5,The image shows a different boat with slight changes in context and angle. Maintains class identity and structure well.,aug-7-4.png,boat,2007_007415.jpg
6,1.0,0.8,1.0,0.6,0.7,The image shows a different boat with significant changes in context and angle. Maintains class identity and structure well.,aug-7-5.png,boat,2007_007415.jpg
7,1.0,0.9,1.0,0.7,0.8,The image shows a different boat with significant changes in context and angle. Maintains class identity and structure well.,aug-7-6.png,boat,2007_007415.jpg
8,1.0,0.9,1.0,0.7,0.8,The image shows a different boat with significant changes in context and angle. Maintains class identity and structure well.,aug-7-7.png,boat,2007_007415.jpg
9,1.0,0.9,1.0,0.7,0.8,The image shows a different boat with significant changes in context and angle. Maintains class identity and structure well.,aug-7-8.png,boat,2007_007415.jpg
10,1.0,0.9,1.0,0.7,0.8,The image shows a different boat with significant changes in context and angle. Maintains class identity and structure well.,aug-7-9.png,boat,2007_007415.jpg
1,0.8,0.9,0.9,0.9,0.8,"The image is of a large cruise ship, which is a type of boat. It maintains the core semantic content but differs significantly in size and context from the reference image.",aug-6-0.png,boat,2008_006065.jpg
2,0.8,0.9,0.9,0.9,0.8,"Similar to the first augmented image, this is a large cruise ship. It maintains the class identity but is quite different in scale and context.",aug-6-1.png,boat,2008_006065.jpg
3,1.0,0.9,1.0,0.7,0.7,"This image is very similar to the reference image, maintaining the same type of boat and context. The variations are minimal but beneficial for generalization.",aug-6-2.png,boat,2008_006065.jpg
4,0.8,0.9,0.9,0.9,0.8,Another image of a large cruise ship. It maintains the class identity but differs significantly in size and context from the reference image.,aug-6-3.png,boat,2008_006065.jpg
5,0.8,0.9,0.9,0.9,0.8,"Similar to the previous cruise ship images, this one maintains the class identity but is quite different in scale and context.",aug-6-4.png,boat,2008_006065.jpg
6,1.0,0.9,1.0,0.7,0.7,"This image is very similar to the reference image, maintaining the same type of boat and context. The variations are minimal but beneficial for generalization.",aug-6-5.png,boat,2008_006065.jpg
7,1.0,0.9,1.0,0.7,0.7,"This image is very similar to the reference image, maintaining the same type of boat and context. The variations are minimal but beneficial for generalization.",aug-6-6.png,boat,2008_006065.jpg
8,0.8,0.9,0.9,0.9,0.8,Another image of a large cruise ship. It maintains the class identity but differs significantly in size and context from the reference image.,aug-6-7.png,boat,2008_006065.jpg
9,1.0,0.9,1.0,0.7,0.7,"This image is very similar to the reference image, maintaining the same type of boat and context. The variations are minimal but beneficial for generalization.",aug-6-8.png,boat,2008_006065.jpg
10,0.8,0.9,0.9,0.9,0.8,Another image of a large cruise ship. It maintains the class identity but differs significantly in size and context from the reference image.,aug-6-9.png,boat,2008_006065.jpg
1,0.8,0.7,0.8,0.6,0.7,"The image maintains the core features of the bottle class but includes a snake, which slightly detracts from the class representation. The visual fidelity is good, but the snake introduces some artifacts. The structure of the bottle is mostly intact, and there is moderate diversity and beneficial variations.",aug-9-0.png,bottle,2008_000015.jpg
2,0.9,0.8,0.9,0.7,0.8,"The bottle is clearly distinguishable, and the image quality is high. The snake does not significantly distort the bottle's structure. There is good diversity and beneficial variations in the image.",aug-9-1.png,bottle,2008_000015.jpg
3,0.5,0.4,0.5,0.5,0.4,"The image is less clear, and the snake obscures the bottle, reducing class representation and visual fidelity. The structure is somewhat distorted, and the diversity and beneficial variations are moderate.",aug-9-2.png,bottle,2008_000015.jpg
4,0.3,0.3,0.3,0.4,0.3,"The bottle is barely visible, and the snake dominates the image, significantly reducing class representation and visual fidelity. The structure is highly distorted, and there is limited diversity and beneficial variations.",aug-9-3.png,bottle,2008_000015.jpg
5,0.7,0.6,0.7,0.6,0.6,"The bottle is distinguishable, but the snake affects the visual fidelity and structural integrity. There is moderate diversity and beneficial variations in the image.",aug-9-4.png,bottle,2008_000015.jpg
6,0.8,0.7,0.8,0.7,0.7,"The bottle is clearly visible, and the image quality is good. The snake does not significantly distort the bottle's structure. There is good diversity and beneficial variations.",aug-9-5.png,bottle,2008_000015.jpg
7,0.4,0.3,0.4,0.5,0.4,"The bottle is partially obscured, and the image quality is lower. The structure is somewhat distorted, and there is moderate diversity and beneficial variations.",aug-9-6.png,bottle,2008_000015.jpg
8,0.7,0.6,0.7,0.6,0.6,"The bottle is distinguishable, but the snake affects the visual fidelity and structural integrity. There is moderate diversity and beneficial variations in the image.",aug-9-7.png,bottle,2008_000015.jpg
9,0.5,0.4,0.5,0.5,0.4,"The bottle is less clear, and the snake obscures the bottle, reducing class representation and visual fidelity. The structure is somewhat distorted, and the diversity and beneficial variations are moderate.",aug-9-8.png,bottle,2008_000015.jpg
10,0.3,0.3,0.3,0.4,0.3,"The bottle is barely visible, and the snake dominates the image, significantly reducing class representation and visual fidelity. The structure is highly distorted, and there is limited diversity and beneficial variations.",aug-9-9.png,bottle,2008_000015.jpg
1,0.2,0.1,0.1,0.5,0.3,"The image is highly abstract and does not clearly represent a bottle. The visual fidelity and structural integrity are poor, but it introduces some diversity.",aug-8-0.png,bottle,2009_001937.jpg
2,0.4,0.3,0.4,0.6,0.5,The image shows a bottle but is partially obscured and has low visual fidelity. It introduces some diversity and beneficial variations.,aug-8-1.png,bottle,2009_001937.jpg
3,0.1,0.1,0.1,0.4,0.2,The image does not clearly represent a bottle and has poor visual fidelity and structural integrity. It introduces some diversity but is not very beneficial.,aug-8-2.png,bottle,2009_001937.jpg
4,0.8,0.7,0.8,0.7,0.7,The image clearly represents a bottle with good visual fidelity and structural integrity. It introduces beneficial variations and diversity.,aug-8-3.png,bottle,2009_001937.jpg
5,0.7,0.6,0.7,0.6,0.6,The image represents a bottle well with decent visual fidelity and structural integrity. It introduces some beneficial variations and diversity.,aug-8-4.png,bottle,2009_001937.jpg
6,0.3,0.2,0.3,0.5,0.4,The image partially represents a bottle but has low visual fidelity and structural integrity. It introduces some diversity and beneficial variations.,aug-8-5.png,bottle,2009_001937.jpg
7,0.5,0.4,0.5,0.6,0.5,The image represents a bottle but is partially obscured and has moderate visual fidelity and structural integrity. It introduces some diversity and beneficial variations.,aug-8-6.png,bottle,2009_001937.jpg
8,0.9,0.8,0.9,0.8,0.8,The image clearly represents a bottle with high visual fidelity and structural integrity. It introduces beneficial variations and diversity.,aug-8-7.png,bottle,2009_001937.jpg
9,0.9,0.9,0.9,0.9,0.9,The image clearly represents a bottle with excellent visual fidelity and structural integrity. It introduces beneficial variations and diversity.,aug-8-8.png,bottle,2009_001937.jpg
10,1.0,1.0,1.0,0.1,0.1,"The image is almost identical to the reference image, maintaining perfect class representation, visual fidelity, and structural integrity, but lacks diversity and beneficial variations.",aug-8-9.png,bottle,2009_001937.jpg
1,0.8,0.7,0.8,0.9,0.8,"The image maintains the core features of a bus but has some visual artifacts and slight structural differences. The context is appropriate, and the variations in the environment and bus design are beneficial.",aug-11-0.png,bus,2007_002024.jpg
2,0.9,0.9,0.9,0.5,0.6,"This image closely resembles the reference bus with minor differences. The visual quality is high, and the structure is well-maintained. However, the diversity and beneficial variations are limited.",aug-11-1.png,bus,2007_002024.jpg
3,0.9,0.9,0.9,0.6,0.7,The image is very similar to the reference with high visual fidelity and structural integrity. There are some beneficial variations in the bus design and environment.,aug-11-2.png,bus,2007_002024.jpg
4,0.8,0.8,0.8,0.8,0.8,The image maintains the core features of a bus with good visual quality and structural integrity. The variations in design and environment are beneficial for generalization.,aug-11-3.png,bus,2007_002024.jpg
5,0.9,0.9,0.9,0.7,0.7,This image closely resembles the reference bus with high visual fidelity and structural integrity. The diversity and beneficial variations are moderate.,aug-11-4.png,bus,2007_002024.jpg
6,0.9,0.9,0.9,0.5,0.6,The image is very similar to the reference with high visual fidelity and structural integrity. The diversity and beneficial variations are limited.,aug-11-5.png,bus,2007_002024.jpg
7,0.8,0.8,0.8,0.8,0.8,The image maintains the core features of a bus with good visual quality and structural integrity. The variations in design and environment are beneficial for generalization.,aug-11-6.png,bus,2007_002024.jpg
8,0.9,0.9,0.9,0.6,0.7,The image is very similar to the reference with high visual fidelity and structural integrity. There are some beneficial variations in the bus design and environment.,aug-11-7.png,bus,2007_002024.jpg
9,0.8,0.8,0.8,0.8,0.8,The image maintains the core features of a bus with good visual quality and structural integrity. The variations in design and environment are beneficial for generalization.,aug-11-8.png,bus,2007_002024.jpg
10,0.9,0.9,0.9,0.5,0.6,The image is very similar to the reference with high visual fidelity and structural integrity. The diversity and beneficial variations are limited.,aug-11-9.png,bus,2007_002024.jpg
1,0.9,0.8,0.9,0.7,0.8,"The image maintains the core features of a bus and is distinguishable. The visual quality is good, though slightly less clear than the reference. The structure is well-preserved, and there is some beneficial variation in context and minor details.",aug-10-0.png,bus,2008_003373.jpg
2,0.4,0.5,0.4,0.6,0.5,"The image is less clear in representing a bus, with significant occlusion and context that distracts from the main subject. The structure is partially obscured, reducing its integrity.",aug-10-1.png,bus,2008_003373.jpg
3,0.8,0.7,0.8,0.7,0.7,"The image clearly represents a bus, though the visual quality is slightly lower. The structure is mostly intact, and there is beneficial variation in the environment and minor details.",aug-10-2.png,bus,2008_003373.jpg
4,0.9,0.8,0.9,0.7,0.8,"The image maintains the core features of a bus and is distinguishable. The visual quality is good, though slightly less clear than the reference. The structure is well-preserved, and there is some beneficial variation in context and minor details.",aug-10-3.png,bus,2008_003373.jpg
5,0.6,0.6,0.6,0.7,0.6,"The image represents a bus but with some visual artifacts and lower clarity. The structure is mostly intact, and there is some beneficial variation in context and minor details.",aug-10-4.png,bus,2008_003373.jpg
6,0.5,0.5,0.5,0.6,0.5,"The image is less clear in representing a bus, with significant occlusion and context that distracts from the main subject. The structure is partially obscured, reducing its integrity.",aug-10-5.png,bus,2008_003373.jpg
7,0.9,0.8,0.9,0.7,0.8,"The image maintains the core features of a bus and is distinguishable. The visual quality is good, though slightly less clear than the reference. The structure is well-preserved, and there is some beneficial variation in context and minor details.",aug-10-6.png,bus,2008_003373.jpg
8,0.6,0.6,0.6,0.7,0.6,"The image represents a bus but with some visual artifacts and lower clarity. The structure is mostly intact, and there is some beneficial variation in context and minor details.",aug-10-7.png,bus,2008_003373.jpg
9,0.7,0.7,0.7,0.7,0.7,"The image clearly represents a bus, though the visual quality is slightly lower. The structure is mostly intact, and there is beneficial variation in the environment and minor details.",aug-10-8.png,bus,2008_003373.jpg
10,0.9,0.8,0.9,0.7,0.8,"The image maintains the core features of a bus and is distinguishable. The visual quality is good, though slightly less clear than the reference. The structure is well-preserved, and there is some beneficial variation in context and minor details.",aug-10-9.png,bus,2008_003373.jpg
1,0.8,0.7,0.6,0.9,0.8,"The image maintains the core features of a car but has some distortions. The visual quality is decent, and the structure is somewhat altered. The image introduces significant diversity and beneficial variations.",aug-12-0.png,car,2008_002473.jpg
2,0.7,0.6,0.5,0.8,0.7,"The image is recognizable as a car but has notable distortions. The visual quality is moderate, and the structure is somewhat compromised. It introduces good diversity and beneficial variations.",aug-12-1.png,car,2008_002473.jpg
3,0.9,0.8,0.9,0.5,0.6,"The image closely resembles the reference car with high visual fidelity and structural integrity. However, it lacks significant diversity and beneficial variations.",aug-12-2.png,car,2008_002473.jpg
4,0.6,0.5,0.4,0.7,0.6,"The image is somewhat recognizable as a car but has considerable distortions. The visual quality is moderate, and the structure is compromised. It introduces moderate diversity and beneficial variations.",aug-12-3.png,car,2008_002473.jpg
5,0.8,0.7,0.8,0.6,0.7,The image maintains the core features of a car with good visual fidelity and structural integrity. It introduces moderate diversity and beneficial variations.,aug-12-4.png,car,2008_002473.jpg
6,0.9,0.9,0.9,0.4,0.5,"The image closely resembles the reference car with high visual fidelity and structural integrity. However, it lacks significant diversity and beneficial variations.",aug-12-5.png,car,2008_002473.jpg
7,0.8,0.8,0.8,0.7,0.7,The image maintains the core features of a car with good visual fidelity and structural integrity. It introduces moderate diversity and beneficial variations.,aug-12-6.png,car,2008_002473.jpg
8,0.9,0.9,0.9,0.5,0.6,"The image closely resembles the reference car with high visual fidelity and structural integrity. However, it lacks significant diversity and beneficial variations.",aug-12-7.png,car,2008_002473.jpg
9,0.8,0.8,0.8,0.6,0.7,The image maintains the core features of a car with good visual fidelity and structural integrity. It introduces moderate diversity and beneficial variations.,aug-12-8.png,car,2008_002473.jpg
10,0.9,0.9,0.9,0.5,0.6,"The image closely resembles the reference car with high visual fidelity and structural integrity. However, it lacks significant diversity and beneficial variations.",aug-12-9.png,car,2008_002473.jpg
1,0.8,0.7,0.8,0.6,0.7,"The image maintains the core features of a car, but the context and background are somewhat unusual. The car is clear and well-formed, but the setting is less typical for a car.",aug-13-0.png,car,2011_002224.jpg
2,1.0,1.0,1.0,0.5,0.6,"The car is very clear and well-formed, maintaining all key features. The background is appropriate, but the diversity is moderate as it is a standard car image.",aug-13-1.png,car,2011_002224.jpg
3,1.0,1.0,1.0,0.7,0.8,"The car is clear and well-formed with a different color and background, providing good diversity and beneficial variations.",aug-13-2.png,car,2011_002224.jpg
4,0.9,0.9,0.9,0.8,0.8,"The car is clear and well-formed, with a different color and background. The image provides good diversity and beneficial variations.",aug-13-3.png,car,2011_002224.jpg
5,0.9,0.8,0.9,0.7,0.7,"The car is clear and well-formed, but the background is somewhat unusual. The image provides good diversity and beneficial variations.",aug-13-4.png,car,2011_002224.jpg
6,0.8,0.7,0.8,0.7,0.7,"The image maintains the core features of a car, but the context and background are somewhat unusual. The car is clear and well-formed, but the setting is less typical for a car.",aug-13-5.png,car,2011_002224.jpg
7,0.8,0.7,0.8,0.7,0.7,"The image maintains the core features of a car, but the context and background are somewhat unusual. The car is clear and well-formed, but the setting is less typical for a car.",aug-13-6.png,car,2011_002224.jpg
8,0.7,0.6,0.7,0.8,0.8,"The image maintains the core features of a car, but the context and background are somewhat unusual. The car is clear and well-formed, but the setting is less typical for a car.",aug-13-7.png,car,2011_002224.jpg
9,0.8,0.7,0.8,0.7,0.7,"The image maintains the core features of a car, but the context and background are somewhat unusual. The car is clear and well-formed, but the setting is less typical for a car.",aug-13-8.png,car,2011_002224.jpg
10,0.9,0.8,0.9,0.8,0.8,"The car is clear and well-formed, with a different color and background. The image provides good diversity and beneficial variations.",aug-13-9.png,car,2011_002224.jpg
1,0.5,0.3,0.4,0.6,0.5,"The image maintains some features of a cat but is distorted and has artifacts, reducing visual fidelity and structural integrity.",aug-14-0.png,cat,2009_001270.jpg
2,0.6,0.4,0.5,0.7,0.6,"The image has a recognizable cat form but is somewhat distorted and has visual artifacts, affecting quality and structure.",aug-14-1.png,cat,2009_001270.jpg
3,0.4,0.3,0.3,0.5,0.4,"The image is heavily distorted with significant artifacts, making it less recognizable as a cat and reducing structural integrity.",aug-14-2.png,cat,2009_001270.jpg
4,0.7,0.6,0.7,0.8,0.7,"The image maintains a good representation of a cat with some beneficial variations, but still has minor distortions and artifacts.",aug-14-3.png,cat,2009_001270.jpg
5,0.8,0.7,0.8,0.9,0.8,"The image is clear and maintains the cat's structure well, with beneficial variations in pose and context.",aug-14-4.png,cat,2009_001270.jpg
6,0.5,0.4,0.5,0.6,0.5,"The image has some recognizable cat features but is distorted and has visual artifacts, affecting quality and structure.",aug-14-5.png,cat,2009_001270.jpg
7,0.6,0.5,0.6,0.7,0.6,"The image maintains a recognizable cat form with some beneficial variations, but has minor distortions and artifacts.",aug-14-6.png,cat,2009_001270.jpg
8,0.7,0.6,0.7,0.8,0.7,"The image is clear and maintains the cat's structure well, with beneficial variations in pose and context.",aug-14-7.png,cat,2009_001270.jpg
9,0.5,0.4,0.5,0.6,0.5,"The image has some recognizable cat features but is distorted and has visual artifacts, affecting quality and structure.",aug-14-8.png,cat,2009_001270.jpg
10,0.6,0.5,0.6,0.7,0.6,"The image maintains a recognizable cat form with some beneficial variations, but has minor distortions and artifacts.",aug-14-9.png,cat,2009_001270.jpg
1,0.5,0.3,0.4,0.7,0.6,"The image has a cartoonish appearance and some distortion, but it still somewhat resembles a cat. The visual fidelity is low due to the unrealistic look.",aug-15-0.png,cat,2011_000973.jpg
2,0.9,0.8,0.9,0.6,0.7,This image closely resembles the reference cat with slight variations in fur pattern and color. The visual fidelity and structural integrity are high.,aug-15-1.png,cat,2011_000973.jpg
3,0.4,0.3,0.3,0.7,0.5,"The image is highly distorted and cartoonish, making it less recognizable as a cat. The visual fidelity and structural integrity are low.",aug-15-2.png,cat,2011_000973.jpg
4,0.6,0.4,0.5,0.8,0.7,The image has a distorted appearance but still maintains some cat-like features. The visual fidelity is low due to the unrealistic look.,aug-15-3.png,cat,2011_000973.jpg
5,0.5,0.4,0.5,0.7,0.6,"The image is somewhat distorted and cartoonish, but it still resembles a cat. The visual fidelity is low due to the unrealistic look.",aug-15-4.png,cat,2011_000973.jpg
6,0.8,0.7,0.8,0.6,0.7,This image closely resembles the reference cat with slight variations in fur pattern and color. The visual fidelity and structural integrity are high.,aug-15-5.png,cat,2011_000973.jpg
7,0.8,0.7,0.8,0.6,0.7,This image closely resembles the reference cat with slight variations in fur pattern and color. The visual fidelity and structural integrity are high.,aug-15-6.png,cat,2011_000973.jpg
8,0.7,0.6,0.7,0.7,0.7,The image has a slightly different background and fur pattern but still maintains the core features of a cat. The visual fidelity is moderate.,aug-15-7.png,cat,2011_000973.jpg
9,0.6,0.5,0.6,0.7,0.6,"The image has a different background and some distortion, but it still resembles a cat. The visual fidelity is moderate.",aug-15-8.png,cat,2011_000973.jpg
10,0.4,0.3,0.4,0.7,0.5,"The image is highly distorted and cartoonish, making it less recognizable as a cat. The visual fidelity and structural integrity are low.",aug-15-9.png,cat,2011_000973.jpg
1,0.9,0.7,0.8,0.8,0.7,The chairs are clearly distinguishable and maintain the core features of the class. The visual context is different but still appropriate. Some structural details are slightly altered.,aug-17-0.png,chair,2009_000028.jpg
2,0.8,0.6,0.7,0.7,0.6,The chairs are recognizable but the visual context is less natural. The structure is mostly intact but some details are exaggerated.,aug-17-1.png,chair,2009_000028.jpg
3,0.7,0.5,0.6,0.6,0.5,The chairs are somewhat distinguishable but the visual context and structural integrity are less consistent with the reference.,aug-17-2.png,chair,2009_000028.jpg
4,0.8,0.7,0.8,0.7,0.7,The chairs maintain the core features and are in a different but appropriate context. Structural integrity is good with some beneficial variations.,aug-17-3.png,chair,2009_000028.jpg
5,0.9,0.9,0.9,0.3,0.3,"The image is very similar to the reference with high visual fidelity and structural integrity. However, it lacks diversity and beneficial variations.",aug-17-4.png,chair,2009_000028.jpg
6,0.8,0.6,0.7,0.7,0.6,The chairs are recognizable but the visual context is less natural. The structure is mostly intact but some details are exaggerated.,aug-17-5.png,chair,2009_000028.jpg
7,0.9,0.9,0.9,0.3,0.3,"The image is very similar to the reference with high visual fidelity and structural integrity. However, it lacks diversity and beneficial variations.",aug-17-6.png,chair,2009_000028.jpg
8,0.8,0.7,0.8,0.7,0.7,The chairs maintain the core features and are in a different but appropriate context. Structural integrity is good with some beneficial variations.,aug-17-7.png,chair,2009_000028.jpg
9,0.9,0.9,0.9,0.3,0.3,"The image is very similar to the reference with high visual fidelity and structural integrity. However, it lacks diversity and beneficial variations.",aug-17-8.png,chair,2009_000028.jpg
10,0.8,0.7,0.8,0.7,0.7,The chairs maintain the core features and are in a different but appropriate context. Structural integrity is good with some beneficial variations.,aug-17-9.png,chair,2009_000028.jpg
1,0.2,0.3,0.2,0.5,0.4,"The image is highly distorted and does not clearly represent a chair. The visual fidelity is low due to artifacts and unnatural appearance. There is some diversity, but the beneficial variations are minimal.",aug-16-0.png,chair,2011_002709.jpg
2,0.3,0.4,0.3,0.6,0.5,"The image has some elements that could be interpreted as chairs, but the structure is distorted. Visual fidelity is slightly better, but still not clear. Diversity and beneficial variations are moderate.",aug-16-1.png,chair,2011_002709.jpg
3,0.2,0.3,0.2,0.5,0.4,"The image is highly distorted and does not clearly represent a chair. The visual fidelity is low due to artifacts and unnatural appearance. There is some diversity, but the beneficial variations are minimal.",aug-16-2.png,chair,2011_002709.jpg
4,0.1,0.2,0.1,0.4,0.3,"The image is highly distorted and does not clearly represent a chair. The visual fidelity is low due to artifacts and unnatural appearance. There is some diversity, but the beneficial variations are minimal.",aug-16-3.png,chair,2011_002709.jpg
5,0.1,0.2,0.1,0.4,0.3,"The image is highly distorted and does not clearly represent a chair. The visual fidelity is low due to artifacts and unnatural appearance. There is some diversity, but the beneficial variations are minimal.",aug-16-4.png,chair,2011_002709.jpg
6,0.1,0.2,0.1,0.4,0.3,"The image is highly distorted and does not clearly represent a chair. The visual fidelity is low due to artifacts and unnatural appearance. There is some diversity, but the beneficial variations are minimal.",aug-16-5.png,chair,2011_002709.jpg
7,0.1,0.2,0.1,0.4,0.3,"The image is highly distorted and does not clearly represent a chair. The visual fidelity is low due to artifacts and unnatural appearance. There is some diversity, but the beneficial variations are minimal.",aug-16-6.png,chair,2011_002709.jpg
8,0.3,0.4,0.3,0.6,0.5,"The image has some elements that could be interpreted as chairs, but the structure is distorted. Visual fidelity is slightly better, but still not clear. Diversity and beneficial variations are moderate.",aug-16-7.png,chair,2011_002709.jpg
9,0.4,0.5,0.4,0.7,0.6,"The image has some elements that could be interpreted as chairs, but the structure is distorted. Visual fidelity is slightly better, but still not clear. Diversity and beneficial variations are moderate.",aug-16-8.png,chair,2011_002709.jpg
10,0.3,0.4,0.3,0.6,0.5,"The image has some elements that could be interpreted as chairs, but the structure is distorted. Visual fidelity is slightly better, but still not clear. Diversity and beneficial variations are moderate.",aug-16-9.png,chair,2011_002709.jpg
1,0.2,0.3,0.2,0.5,0.4,"The image contains multiple animals, but they are heavily distorted and do not resemble cows well. The visual quality is low, and the structure is not maintained.",aug-19-0.png,cow,2007_005797.jpg
2,0.1,0.2,0.1,0.4,0.3,"The image is highly distorted and does not resemble a cow. The visual quality is poor, and the structure is not maintained.",aug-19-1.png,cow,2007_005797.jpg
3,0.3,0.4,0.3,0.6,0.5,"The image contains animals that are somewhat distinguishable but still heavily distorted. The visual quality is slightly better, but the structure is still compromised.",aug-19-2.png,cow,2007_005797.jpg
4,0.7,0.8,0.7,0.7,0.8,"The image closely resembles the reference cow image with some variations in pose and context. The visual quality is good, and the structure is mostly maintained.",aug-19-3.png,cow,2007_005797.jpg
5,0.6,0.7,0.6,0.7,0.7,"The image resembles the reference cow image with some variations. The visual quality is decent, and the structure is mostly maintained.",aug-19-4.png,cow,2007_005797.jpg
6,0.4,0.5,0.4,0.6,0.5,"The image contains animals that are somewhat distinguishable but still distorted. The visual quality is moderate, and the structure is somewhat maintained.",aug-19-5.png,cow,2007_005797.jpg
7,0.2,0.3,0.2,0.5,0.4,"The image is highly distorted and does not resemble a cow well. The visual quality is low, and the structure is not maintained.",aug-19-6.png,cow,2007_005797.jpg
8,0.1,0.2,0.1,0.4,0.3,"The image is highly distorted and does not resemble a cow. The visual quality is poor, and the structure is not maintained.",aug-19-7.png,cow,2007_005797.jpg
9,0.3,0.4,0.3,0.6,0.5,"The image contains animals that are somewhat distinguishable but still heavily distorted. The visual quality is slightly better, but the structure is still compromised.",aug-19-8.png,cow,2007_005797.jpg
10,0.2,0.3,0.2,0.5,0.4,"The image is highly distorted and does not resemble a cow well. The visual quality is low, and the structure is not maintained.",aug-19-9.png,cow,2007_005797.jpg
1,0.2,0.5,0.3,0.7,0.6,"The image shows two animals that are not clearly cows. The fur texture and facial features are highly unusual for cows, reducing class representation and structural integrity. However, the image is clear and introduces some diversity.",aug-18-0.png,cow,2011_001653.jpg
2,0.3,0.5,0.4,0.6,0.5,"The animals in the image have some cow-like features but are still quite distorted. The fur texture and facial features are not typical of cows, affecting class representation and structural integrity. The image is clear and introduces some diversity.",aug-18-1.png,cow,2011_001653.jpg
3,0.4,0.6,0.5,0.5,0.5,"The image shows animals with some cow-like features but with unusual fur texture and facial features. The structural integrity is slightly better, but still not typical of cows. The image is clear and introduces some diversity.",aug-18-2.png,cow,2011_001653.jpg
4,0.0,0.1,0.0,0.0,0.0,"The image does not contain any animals, making it irrelevant for the cow class. The visual fidelity is poor as it is just a plain field.",aug-18-3.png,cow,2011_001653.jpg
5,0.9,0.9,0.9,0.2,0.3,"The image closely resembles the reference image with clear cow features and good structural integrity. However, it lacks diversity and beneficial variations.",aug-18-4.png,cow,2011_001653.jpg
6,0.5,0.6,0.5,0.6,0.5,The animals have some cow-like features but are distorted with unusual fur texture and facial features. The image is clear and introduces some diversity.,aug-18-5.png,cow,2011_001653.jpg
7,0.4,0.6,0.5,0.5,0.5,The animals have some cow-like features but are distorted with unusual fur texture and facial features. The image is clear and introduces some diversity.,aug-18-6.png,cow,2011_001653.jpg
8,0.5,0.6,0.5,0.5,0.5,The animals have some cow-like features but are distorted with unusual fur texture and facial features. The image is clear and introduces some diversity.,aug-18-7.png,cow,2011_001653.jpg
9,0.4,0.6,0.5,0.5,0.5,The animals have some cow-like features but are distorted with unusual fur texture and facial features. The image is clear and introduces some diversity.,aug-18-8.png,cow,2011_001653.jpg
10,0.3,0.5,0.4,0.6,0.5,The animals have some cow-like features but are distorted with unusual fur texture and facial features. The image is clear and introduces some diversity.,aug-18-9.png,cow,2011_001653.jpg
1,0.8,0.7,0.9,0.6,0.7,"The image maintains the core elements of a dining table with food and people, but the presence of a child and the different setting slightly reduce the class representation.",aug-20-0.png,dining table,2008_002960.jpg
2,0.9,0.8,0.9,0.7,0.8,"The image shows a dining table with food and people, maintaining the class representation well. The setting and people are different, adding beneficial variations.",aug-20-1.png,dining table,2008_002960.jpg
3,0.8,0.6,0.8,0.7,0.7,"The image maintains the dining table class with food and people, but the setting and lighting are different, affecting visual fidelity.",aug-20-2.png,dining table,2008_002960.jpg
4,0.7,0.6,0.8,0.7,0.7,"The image shows a dining table with food and people, but the presence of children and the different setting slightly reduce the class representation and visual fidelity.",aug-20-3.png,dining table,2008_002960.jpg
5,0.6,0.7,0.8,0.6,0.6,"The image shows a dining table with food, but the absence of people and the different setting reduce the class representation.",aug-20-4.png,dining table,2008_002960.jpg
6,0.7,0.8,0.9,0.7,0.7,"The image shows a dining table with food, maintaining the class representation well. The setting is different, adding beneficial variations.",aug-20-5.png,dining table,2008_002960.jpg
7,0.8,0.8,0.9,0.7,0.8,"The image shows a dining table with food, maintaining the class representation well. The setting and lighting are different, adding beneficial variations.",aug-20-6.png,dining table,2008_002960.jpg
8,0.9,0.8,0.9,0.7,0.8,"The image shows a dining table with food and people, maintaining the class representation well. The setting and people are different, adding beneficial variations.",aug-20-7.png,dining table,2008_002960.jpg
9,0.7,0.7,0.8,0.6,0.7,"The image shows a dining table with food, but the presence of a child and the different setting slightly reduce the class representation and visual fidelity.",aug-20-8.png,dining table,2008_002960.jpg
10,0.9,0.8,0.9,0.7,0.8,"The image shows a dining table with food and people, maintaining the class representation well. The setting and people are different, adding beneficial variations.",aug-20-9.png,dining table,2008_002960.jpg
1,1.0,0.9,1.0,0.2,0.3,"The image maintains the core semantic content and key features of a dining table. The visual fidelity is slightly lower due to lighting differences. Structural integrity is perfect. The image is very similar to the reference, with minimal beneficial variations.",aug-21-0.png,dining table,2010_002418.jpg
2,0.2,0.5,0.3,0.8,0.7,"The image does not clearly represent a dining table, focusing more on the window and outdoor view. Visual fidelity is moderate, with some artifacts. Structural integrity is low as the table is not the main focus. The image is diverse but lacks beneficial variations for the class.",aug-21-1.png,dining table,2010_002418.jpg
3,0.9,0.8,0.9,0.5,0.6,"The image maintains the core features of a dining table but with different objects on it. Visual fidelity is good, though slightly lower due to lighting. Structural integrity is high. The image introduces some diversity and beneficial variations.",aug-21-2.png,dining table,2010_002418.jpg
4,0.3,0.6,0.4,0.7,0.5,"The image focuses more on the chair and objects rather than the dining table itself. Visual fidelity is moderate, with some artifacts. Structural integrity is low as the table is not the main focus. The image is diverse but lacks beneficial variations for the class.",aug-21-3.png,dining table,2010_002418.jpg
5,0.2,0.4,0.3,0.8,0.6,"The image does not clearly represent a dining table, focusing more on the food. Visual fidelity is low due to artifacts and poor context. Structural integrity is low as the table is not the main focus. The image is diverse but lacks beneficial variations for the class.",aug-21-4.png,dining table,2010_002418.jpg
6,1.0,0.9,1.0,0.2,0.3,"The image maintains the core semantic content and key features of a dining table. The visual fidelity is slightly lower due to lighting differences. Structural integrity is perfect. The image is very similar to the reference, with minimal beneficial variations.",aug-21-5.png,dining table,2010_002418.jpg
7,0.3,0.5,0.4,0.7,0.5,"The image focuses more on the structure rather than the dining table itself. Visual fidelity is moderate, with some artifacts. Structural integrity is low as the table is not the main focus. The image is diverse but lacks beneficial variations for the class.",aug-21-6.png,dining table,2010_002418.jpg
8,0.4,0.6,0.5,0.7,0.6,"The image does not clearly represent a dining table, focusing more on the food. Visual fidelity is moderate due to artifacts and poor context. Structural integrity is low as the table is not the main focus. The image is diverse but lacks beneficial variations for the class.",aug-21-7.png,dining table,2010_002418.jpg
9,1.0,0.9,1.0,0.2,0.3,"The image maintains the core semantic content and key features of a dining table. The visual fidelity is slightly lower due to lighting differences. Structural integrity is perfect. The image is very similar to the reference, with minimal beneficial variations.",aug-21-8.png,dining table,2010_002418.jpg
10,1.0,0.9,1.0,0.2,0.3,"The image maintains the core semantic content and key features of a dining table. The visual fidelity is slightly lower due to lighting differences. Structural integrity is perfect. The image is very similar to the reference, with minimal beneficial variations.",aug-21-9.png,dining table,2010_002418.jpg
1,1.0,0.9,1.0,0.8,0.9,"The image clearly represents a dog, maintaining core features and distinguishability. The visual quality is high, with a natural context. The structure is intact, and the image introduces beneficial variations in pose and environment.",aug-23-0.png,dog,2010_002499.jpg
2,1.0,0.9,1.0,0.7,0.8,"The image maintains the core features of a dog and is distinguishable. The visual quality is good, and the structure is well-preserved. There is some diversity in pose and environment.",aug-23-1.png,dog,2010_002499.jpg
3,1.0,0.8,0.9,0.7,0.8,"The image represents a dog well, with good visual quality and structural integrity. There is diversity in pose and environment, though the image is slightly less clear.",aug-23-2.png,dog,2010_002499.jpg
4,1.0,0.9,1.0,0.8,0.9,"The image maintains the core features of a dog, with high visual quality and structural integrity. There is beneficial diversity in pose and environment.",aug-23-3.png,dog,2010_002499.jpg
5,1.0,0.8,0.9,0.7,0.8,"The image represents a dog well, with good visual quality and structural integrity. There is some diversity in pose and environment, though the image is slightly less clear.",aug-23-4.png,dog,2010_002499.jpg
6,1.0,0.7,0.8,0.6,0.7,"The image represents a dog, but the visual quality is lower, and the structure is slightly less intact. There is some diversity in pose and environment.",aug-23-5.png,dog,2010_002499.jpg
7,1.0,0.8,0.9,0.7,0.8,"The image maintains the core features of a dog, with good visual quality and structural integrity. There is some diversity in pose and environment.",aug-23-6.png,dog,2010_002499.jpg
8,1.0,0.8,0.9,0.7,0.8,"The image represents a dog well, with good visual quality and structural integrity. There is some diversity in pose and environment.",aug-23-7.png,dog,2010_002499.jpg
9,1.0,0.8,0.9,0.7,0.8,"The image maintains the core features of a dog, with good visual quality and structural integrity. There is some diversity in pose and environment.",aug-23-8.png,dog,2010_002499.jpg
10,1.0,0.8,0.9,0.7,0.8,"The image represents a dog well, with good visual quality and structural integrity. There is some diversity in pose and environment.",aug-23-9.png,dog,2010_002499.jpg
1,0.8,0.7,0.9,0.6,0.7,"The image maintains the core features of a dog, but the context and some visual artifacts reduce its fidelity.",aug-22-0.png,dog,2010_005419.jpg
2,0.9,0.8,0.9,0.5,0.6,"The image is clear and maintains the core features of a dog, but the context is slightly different.",aug-22-1.png,dog,2010_005419.jpg
3,0.7,0.6,0.8,0.7,0.6,"The image has some visual artifacts and the context is different, but it still maintains the core features of a dog.",aug-22-2.png,dog,2010_005419.jpg
4,0.9,0.9,0.9,0.8,0.8,"The image is clear, maintains the core features of a dog, and introduces beneficial variations in pose and context.",aug-22-3.png,dog,2010_005419.jpg
5,0.6,0.5,0.7,0.6,0.5,"The image has significant visual artifacts and the context is different, but it still maintains some core features of a dog.",aug-22-4.png,dog,2010_005419.jpg
6,0.9,0.8,0.9,0.8,0.8,"The image is clear, maintains the core features of a dog, and introduces beneficial variations in pose and context.",aug-22-5.png,dog,2010_005419.jpg
7,0.7,0.6,0.8,0.7,0.6,"The image has some visual artifacts and the context is different, but it still maintains the core features of a dog.",aug-22-6.png,dog,2010_005419.jpg
8,0.8,0.7,0.8,0.7,0.7,"The image maintains the core features of a dog, but the context and some visual artifacts reduce its fidelity.",aug-22-7.png,dog,2010_005419.jpg
9,0.9,0.8,0.9,0.8,0.8,"The image is clear, maintains the core features of a dog, and introduces beneficial variations in pose and context.",aug-22-8.png,dog,2010_005419.jpg
10,0.7,0.6,0.8,0.7,0.6,"The image has some visual artifacts and the context is different, but it still maintains the core features of a dog.",aug-22-9.png,dog,2010_005419.jpg
1,0.1,0.2,0.1,0.8,0.5,"The image is highly distorted and does not clearly represent a horse. The visual fidelity is low due to the unrealistic appearance. However, it introduces significant diversity and some beneficial variations.",aug-25-0.png,horse,2007_003189.jpg
2,0.7,0.8,0.7,0.6,0.7,"The image maintains a good representation of a horse and rider, with some minor distortions. The visual fidelity is high, and it introduces moderate diversity and beneficial variations.",aug-25-1.png,horse,2007_003189.jpg
3,0.6,0.7,0.6,0.7,0.6,"The image is somewhat distorted but still recognizable as a horse and rider. The visual fidelity is decent, and it introduces a fair amount of diversity and beneficial variations.",aug-25-2.png,horse,2007_003189.jpg
4,0.2,0.3,0.2,0.9,0.6,"The image is highly distorted and does not clearly represent a horse. The visual fidelity is low, but it introduces significant diversity and some beneficial variations.",aug-25-3.png,horse,2007_003189.jpg
5,0.8,0.9,0.8,0.5,0.7,"The image maintains a good representation of a horse and rider, with minor distortions. The visual fidelity is high, and it introduces moderate diversity and beneficial variations.",aug-25-4.png,horse,2007_003189.jpg
6,0.3,0.4,0.3,0.8,0.5,"The image is highly distorted and does not clearly represent a horse. The visual fidelity is low, but it introduces significant diversity and some beneficial variations.",aug-25-5.png,horse,2007_003189.jpg
7,0.4,0.5,0.4,0.7,0.6,"The image is somewhat distorted but still recognizable as a horse. The visual fidelity is moderate, and it introduces a fair amount of diversity and beneficial variations.",aug-25-6.png,horse,2007_003189.jpg
8,0.5,0.6,0.5,0.7,0.6,"The image is somewhat distorted but still recognizable as a horse. The visual fidelity is moderate, and it introduces a fair amount of diversity and beneficial variations.",aug-25-7.png,horse,2007_003189.jpg
9,0.6,0.7,0.6,0.6,0.7,"The image maintains a good representation of a horse and rider, with some minor distortions. The visual fidelity is decent, and it introduces moderate diversity and beneficial variations.",aug-25-8.png,horse,2007_003189.jpg
10,0.1,0.2,0.1,0.8,0.5,"The image is highly distorted and does not clearly represent a horse. The visual fidelity is low due to the unrealistic appearance. However, it introduces significant diversity and some beneficial variations.",aug-25-9.png,horse,2007_003189.jpg
1,0.8,0.6,0.7,0.5,0.4,The image maintains the core features of a horse but has some visual artifacts and slight structural distortions.,aug-24-0.png,horse,2011_003184.jpg
2,0.3,0.2,0.1,0.7,0.5,"The image is highly distorted and unrealistic, making it difficult to recognize as a horse. However, it introduces significant diversity.",aug-24-1.png,horse,2011_003184.jpg
3,0.5,0.4,0.3,0.6,0.5,The image has some recognizable features of a horse but is significantly distorted and unrealistic.,aug-24-2.png,horse,2011_003184.jpg
4,0.2,0.3,0.2,0.6,0.4,"The image is highly distorted and has visual artifacts, making it difficult to recognize as a horse.",aug-24-3.png,horse,2011_003184.jpg
5,0.1,0.1,0.1,0.8,0.6,"The image is extremely distorted and does not resemble a horse, but it introduces significant diversity.",aug-24-4.png,horse,2011_003184.jpg
6,0.3,0.3,0.2,0.7,0.5,The image has some recognizable features of a horse but is significantly distorted and unrealistic.,aug-24-5.png,horse,2011_003184.jpg
7,0.4,0.4,0.3,0.6,0.5,The image has some recognizable features of a horse but is significantly distorted and unrealistic.,aug-24-6.png,horse,2011_003184.jpg
8,0.3,0.3,0.2,0.7,0.5,The image has some recognizable features of a horse but is significantly distorted and unrealistic.,aug-24-7.png,horse,2011_003184.jpg
9,0.2,0.2,0.1,0.8,0.6,"The image is highly distorted and does not resemble a horse, but it introduces significant diversity.",aug-24-8.png,horse,2011_003184.jpg
10,0.3,0.3,0.2,0.7,0.5,The image has some recognizable features of a horse but is significantly distorted and unrealistic.,aug-24-9.png,horse,2011_003184.jpg
1,1.0,0.9,1.0,0.8,0.9,"The image clearly represents a motorcycle with a rider, maintaining core features and distinguishability. The visual quality is high, with slight artifacts. The structure is intact, and the image introduces beneficial variations in pose and context.",aug-26-0.png,motorcycle,2007_004003.jpg
2,1.0,0.9,1.0,0.7,0.8,"The image maintains the core features of a motorcycle. The visual quality is high, with minor artifacts. The structure is well-preserved, and the image introduces beneficial variations in viewpoint and context.",aug-26-1.png,motorcycle,2007_004003.jpg
3,1.0,0.9,1.0,0.7,0.8,"The image clearly represents a motorcycle, maintaining core features and distinguishability. The visual quality is high, with slight artifacts. The structure is intact, and the image introduces beneficial variations in pose and context.",aug-26-2.png,motorcycle,2007_004003.jpg
4,1.0,1.0,1.0,0.2,0.2,"The image is almost identical to the reference, maintaining core features and high visual quality. However, it lacks diversity and beneficial variations.",aug-26-3.png,motorcycle,2007_004003.jpg
5,1.0,0.8,0.9,0.9,0.9,"The image represents a motorcycle with some artistic modifications. The visual quality is good, with minor artifacts. The structure is mostly intact, and the image introduces significant diversity and beneficial variations.",aug-26-4.png,motorcycle,2007_004003.jpg
6,1.0,1.0,1.0,0.3,0.3,"The image is very similar to the reference, maintaining core features and high visual quality. However, it lacks diversity and beneficial variations.",aug-26-5.png,motorcycle,2007_004003.jpg
7,1.0,0.8,0.9,0.9,0.9,"The image represents a motorcycle with some artistic modifications. The visual quality is good, with minor artifacts. The structure is mostly intact, and the image introduces significant diversity and beneficial variations.",aug-26-6.png,motorcycle,2007_004003.jpg
8,1.0,0.8,0.9,0.9,0.9,"The image represents a motorcycle with some artistic modifications. The visual quality is good, with minor artifacts. The structure is mostly intact, and the image introduces significant diversity and beneficial variations.",aug-26-7.png,motorcycle,2007_004003.jpg
9,1.0,0.9,1.0,0.8,0.9,"The image clearly represents a motorcycle with a rider, maintaining core features and distinguishability. The visual quality is high, with slight artifacts. The structure is intact, and the image introduces beneficial variations in pose and context.",aug-26-8.png,motorcycle,2007_004003.jpg
10,1.0,0.9,1.0,0.8,0.9,"The image clearly represents a motorcycle with a rider, maintaining core features and distinguishability. The visual quality is high, with slight artifacts. The structure is intact, and the image introduces beneficial variations in pose and context.",aug-26-9.png,motorcycle,2007_004003.jpg
1,1.0,0.9,1.0,0.2,0.3,"The image maintains the core features and structure of the motorcycle class. The visual fidelity is high, but the diversity and beneficial variations are low as it is very similar to the reference image.",aug-27-0.png,motorcycle,2010_004289.jpg
2,1.0,0.9,1.0,0.2,0.3,"Similar to the first augmented image, this one maintains the core features and structure. The visual fidelity is high, but it lacks diversity and beneficial variations.",aug-27-1.png,motorcycle,2010_004289.jpg
3,1.0,0.8,1.0,0.5,0.6,"This image introduces some color variations and a different background, which increases diversity and beneficial variations while maintaining class representation and structural integrity.",aug-27-2.png,motorcycle,2010_004289.jpg
4,1.0,0.9,1.0,0.2,0.3,"This image is very similar to the reference image, maintaining high class representation and structural integrity but lacking in diversity and beneficial variations.",aug-27-3.png,motorcycle,2010_004289.jpg
5,0.7,0.5,0.7,0.8,0.7,"The image is a digital illustration, which affects visual fidelity and structural integrity. However, it introduces significant diversity and beneficial variations.",aug-27-4.png,motorcycle,2010_004289.jpg
6,1.0,0.9,1.0,0.2,0.3,"This image is very similar to the reference image, maintaining high class representation and structural integrity but lacking in diversity and beneficial variations.",aug-27-5.png,motorcycle,2010_004289.jpg
7,1.0,0.9,1.0,0.2,0.3,"This image is very similar to the reference image, maintaining high class representation and structural integrity but lacking in diversity and beneficial variations.",aug-27-6.png,motorcycle,2010_004289.jpg
8,1.0,0.9,1.0,0.2,0.3,"This image is very similar to the reference image, maintaining high class representation and structural integrity but lacking in diversity and beneficial variations.",aug-27-7.png,motorcycle,2010_004289.jpg
9,1.0,0.9,1.0,0.2,0.3,"This image is very similar to the reference image, maintaining high class representation and structural integrity but lacking in diversity and beneficial variations.",aug-27-8.png,motorcycle,2010_004289.jpg
10,1.0,0.8,1.0,0.5,0.6,"This image introduces some color variations and a different background, which increases diversity and beneficial variations while maintaining class representation and structural integrity.",aug-27-9.png,motorcycle,2010_004289.jpg
1,0.5,0.6,0.7,0.8,0.7,"The image maintains some human features but is heavily distorted with text and other elements, reducing clarity and context.",aug-28-0.png,person,2007_002611.jpg
2,0.4,0.5,0.5,0.7,0.6,"The image is distorted with a mix of human and non-human elements, making it less distinguishable as a person.",aug-28-1.png,person,2007_002611.jpg
3,0.3,0.4,0.4,0.6,0.5,"The image is heavily distorted with non-human elements, making it difficult to identify as a person.",aug-28-2.png,person,2007_002611.jpg
4,0.2,0.3,0.3,0.5,0.4,"The image lacks clear human features and is dominated by non-human elements, reducing its relevance to the class.",aug-28-3.png,person,2007_002611.jpg
5,0.1,0.2,0.2,0.4,0.3,"The image does not represent a person and is composed of non-human elements, making it irrelevant to the class.",aug-28-4.png,person,2007_002611.jpg
6,0.6,0.7,0.8,0.8,0.7,"The image maintains human features but is slightly distorted with additional elements, reducing clarity.",aug-28-5.png,person,2007_002611.jpg
7,0.7,0.8,0.9,0.9,0.8,The image maintains human features well with some beneficial variations in pose and context.,aug-28-6.png,person,2007_002611.jpg
8,0.3,0.4,0.4,0.6,0.5,"The image is heavily distorted with non-human elements, making it difficult to identify as a person.",aug-28-7.png,person,2007_002611.jpg
9,0.5,0.6,0.7,0.8,0.7,"The image maintains some human features but is heavily distorted with text and other elements, reducing clarity and context.",aug-28-8.png,person,2007_002611.jpg
10,0.4,0.5,0.5,0.7,0.6,"The image is distorted with a mix of human and non-human elements, making it less distinguishable as a person.",aug-28-9.png,person,2007_002611.jpg
1,0.8,0.6,0.7,0.7,0.7,"The image maintains the core features of a person but has a stylized, almost cartoonish appearance. The context is somewhat futuristic, which adds diversity but slightly reduces visual fidelity.",aug-29-0.png,person,2008_000284.jpg
2,0.7,0.5,0.6,0.8,0.6,"The image is highly stylized and has a surreal quality. While it maintains the core features of a person, the context and visual fidelity are compromised.",aug-29-1.png,person,2008_000284.jpg
3,0.9,0.9,0.9,0.3,0.4,"This image is very similar to the reference image, maintaining high visual fidelity and structural integrity. However, it lacks diversity and beneficial variations.",aug-29-2.png,person,2008_000284.jpg
4,0.6,0.4,0.5,0.7,0.6,"The image is highly stylized and has a futuristic context. While it maintains the core features of a person, the visual fidelity and structural integrity are compromised.",aug-29-3.png,person,2008_000284.jpg
5,0.7,0.6,0.7,0.8,0.7,"The image maintains the core features of a person but has a stylized, almost cartoonish appearance. The context is somewhat futuristic, which adds diversity but slightly reduces visual fidelity.",aug-29-4.png,person,2008_000284.jpg
6,0.7,0.5,0.6,0.8,0.6,"The image is highly stylized and has a surreal quality. While it maintains the core features of a person, the context and visual fidelity are compromised.",aug-29-5.png,person,2008_000284.jpg
7,0.7,0.5,0.6,0.8,0.6,"The image is highly stylized and has a surreal quality. While it maintains the core features of a person, the context and visual fidelity are compromised.",aug-29-6.png,person,2008_000284.jpg
8,0.7,0.5,0.6,0.8,0.6,"The image is highly stylized and has a surreal quality. While it maintains the core features of a person, the context and visual fidelity are compromised.",aug-29-7.png,person,2008_000284.jpg
9,0.9,0.8,0.8,0.4,0.5,"This image is very similar to the reference image, maintaining high visual fidelity and structural integrity. However, it lacks diversity and beneficial variations.",aug-29-8.png,person,2008_000284.jpg
10,0.9,0.8,0.8,0.4,0.5,"This image is very similar to the reference image, maintaining high visual fidelity and structural integrity. However, it lacks diversity and beneficial variations.",aug-29-9.png,person,2008_000284.jpg
1,1.0,0.9,1.0,0.1,0.2,The image is very similar to the reference with slight variations in lighting and angle. Maintains class representation and structural integrity well.,aug-31-0.png,potted plant,2009_000635.jpg
2,0.7,0.6,0.8,0.8,0.7,"The plant is different from the reference but still recognizable as a potted plant. The background is different, and the plant structure is slightly varied.",aug-31-1.png,potted plant,2009_000635.jpg
3,0.7,0.7,0.8,0.9,0.8,"The plant is different but still a potted plant. The background is plain, which affects visual fidelity slightly.",aug-31-2.png,potted plant,2009_000635.jpg
4,0.7,0.7,0.8,0.9,0.8,"Similar to the previous image, the plant is different but still a potted plant. The background is plain, which affects visual fidelity slightly.",aug-31-3.png,potted plant,2009_000635.jpg
5,0.7,0.7,0.8,0.9,0.8,"The plant is different but still a potted plant. The background is plain, which affects visual fidelity slightly.",aug-31-4.png,potted plant,2009_000635.jpg
6,0.8,0.8,0.9,0.7,0.6,"The plants are different but still recognizable as potted plants. The background is different, and the plant structure is slightly varied.",aug-31-5.png,potted plant,2009_000635.jpg
7,0.7,0.7,0.8,0.9,0.8,"The plant is different but still a potted plant. The background is plain, which affects visual fidelity slightly.",aug-31-6.png,potted plant,2009_000635.jpg
8,0.6,0.6,0.7,0.8,0.7,"The plant is different but still a potted plant. The background is plain, and the plant structure is slightly varied.",aug-31-7.png,potted plant,2009_000635.jpg
9,0.8,0.8,0.9,0.7,0.6,"The plants are different but still recognizable as potted plants. The background is different, and the plant structure is slightly varied.",aug-31-8.png,potted plant,2009_000635.jpg
10,0.9,0.8,0.9,0.6,0.5,The image is similar to the reference with slight variations in lighting and angle. Maintains class representation and structural integrity well.,aug-31-9.png,potted plant,2009_000635.jpg
1,0.9,0.8,0.9,0.7,0.7,"The image maintains the core features of a potted plant with slight variations in leaf shape and color. The visual quality is good, but there are minor artifacts.",aug-30-0.png,potted plant,2010_000567.jpg
2,0.9,0.8,0.9,0.7,0.7,"Similar to the first augmented image, this one maintains the core features well. The visual quality is good, with slight variations in leaf shape and color.",aug-30-1.png,potted plant,2010_000567.jpg
3,0.6,0.7,0.6,0.8,0.8,"This image introduces more significant variations in leaf shape and structure, which may affect class representation. The visual quality is decent, but the plant looks less typical.",aug-30-2.png,potted plant,2010_000567.jpg
4,0.5,0.6,0.5,0.9,0.9,"The plant in this image has a very different structure and leaf shape, which may confuse the classifier. The visual quality is moderate, with noticeable differences from the reference.",aug-30-3.png,potted plant,2010_000567.jpg
5,0.4,0.5,0.4,0.9,0.9,"This image shows a plant with a significantly different structure and leaf shape, which may not be easily recognized as the same class. The visual quality is moderate.",aug-30-4.png,potted plant,2010_000567.jpg
6,0.5,0.6,0.5,0.8,0.8,"The plant in this image has a different structure and leaf shape, which may affect class representation. The visual quality is moderate, with some artifacts.",aug-30-5.png,potted plant,2010_000567.jpg
7,0.4,0.5,0.4,0.9,0.9,"This image shows a plant with a significantly different structure and leaf shape, which may not be easily recognized as the same class. The visual quality is moderate.",aug-30-6.png,potted plant,2010_000567.jpg
8,0.4,0.5,0.4,0.9,0.9,"The plant in this image has a different structure and leaf shape, which may affect class representation. The visual quality is moderate, with some artifacts.",aug-30-7.png,potted plant,2010_000567.jpg
9,0.4,0.5,0.4,0.9,0.9,"This image shows a plant with a significantly different structure and leaf shape, which may not be easily recognized as the same class. The visual quality is moderate.",aug-30-8.png,potted plant,2010_000567.jpg
10,0.5,0.6,0.5,0.8,0.8,"The plant in this image has a different structure and leaf shape, which may affect class representation. The visual quality is moderate, with some artifacts.",aug-30-9.png,potted plant,2010_000567.jpg
1,0.2,0.3,0.1,0.5,0.4,"The image shows a distorted sheep-like figure, but the structure is highly unrealistic and the context is unnatural.",aug-32-0.png,sheep,2009_002988.jpg
2,0.2,0.3,0.1,0.5,0.4,"The image shows a distorted sheep-like figure, but the structure is highly unrealistic and the context is unnatural.",aug-32-1.png,sheep,2009_002988.jpg
3,0.3,0.4,0.2,0.5,0.4,"The image shows multiple distorted sheep-like figures, but the structure is highly unrealistic and the context is unnatural.",aug-32-2.png,sheep,2009_002988.jpg
4,0.2,0.3,0.1,0.5,0.4,"The image shows a distorted sheep-like figure, but the structure is highly unrealistic and the context is unnatural.",aug-32-3.png,sheep,2009_002988.jpg
5,0.2,0.3,0.1,0.5,0.4,"The image shows a distorted sheep-like figure, but the structure is highly unrealistic and the context is unnatural.",aug-32-4.png,sheep,2009_002988.jpg
6,0.2,0.3,0.1,0.5,0.4,"The image shows a distorted sheep-like figure, but the structure is highly unrealistic and the context is unnatural.",aug-32-5.png,sheep,2009_002988.jpg
7,0.2,0.3,0.1,0.5,0.4,"The image shows a distorted sheep-like figure, but the structure is highly unrealistic and the context is unnatural.",aug-32-6.png,sheep,2009_002988.jpg
8,0.2,0.3,0.1,0.5,0.4,"The image shows multiple distorted sheep-like figures, but the structure is highly unrealistic and the context is unnatural.",aug-32-7.png,sheep,2009_002988.jpg
9,0.2,0.3,0.1,0.5,0.4,"The image shows multiple distorted sheep-like figures, but the structure is highly unrealistic and the context is unnatural.",aug-32-8.png,sheep,2009_002988.jpg
10,0.2,0.3,0.1,0.5,0.4,"The image shows a distorted sheep-like figure, but the structure is highly unrealistic and the context is unnatural.",aug-32-9.png,sheep,2009_002988.jpg
1,0.5,0.4,0.3,0.7,0.6,"The image shows a sheep but in an unusual pose and context, which affects its structural integrity and visual fidelity.",aug-33-0.png,sheep,2011_002464.jpg
2,0.9,0.9,0.9,0.3,0.4,"The image closely resembles the reference image with minor variations, maintaining high class representation and visual fidelity.",aug-33-1.png,sheep,2011_002464.jpg
3,0.6,0.5,0.4,0.7,0.5,"The image shows a sheep but the context and pose are unusual, affecting its structural integrity and visual fidelity.",aug-33-2.png,sheep,2011_002464.jpg
4,0.4,0.4,0.3,0.6,0.5,"The image shows a sheep but in an unusual pose and context, which affects its structural integrity and visual fidelity.",aug-33-3.png,sheep,2011_002464.jpg
5,0.8,0.8,0.8,0.4,0.5,"The image closely resembles the reference image with minor variations, maintaining high class representation and visual fidelity.",aug-33-4.png,sheep,2011_002464.jpg
6,0.9,0.9,0.9,0.3,0.4,"The image closely resembles the reference image with minor variations, maintaining high class representation and visual fidelity.",aug-33-5.png,sheep,2011_002464.jpg
7,0.5,0.4,0.3,0.7,0.6,"The image shows a sheep but in an unusual pose and context, which affects its structural integrity and visual fidelity.",aug-33-6.png,sheep,2011_002464.jpg
8,0.7,0.6,0.5,0.6,0.5,"The image shows a sheep but the context and pose are unusual, affecting its structural integrity and visual fidelity.",aug-33-7.png,sheep,2011_002464.jpg
9,0.6,0.5,0.4,0.7,0.5,"The image shows a sheep but in an unusual pose and context, which affects its structural integrity and visual fidelity.",aug-33-8.png,sheep,2011_002464.jpg
10,0.7,0.6,0.5,0.6,0.5,"The image shows a sheep but the context and pose are unusual, affecting its structural integrity and visual fidelity.",aug-33-9.png,sheep,2011_002464.jpg
1,0.6,0.4,0.5,0.7,0.6,"The image contains a sofa, but the presence of a person and the overall distortion reduce clarity and structural integrity.",aug-34-0.png,sofa,2008_001399.jpg
2,0.4,0.3,0.4,0.6,0.5,"The sofa is partially visible and distorted, making it less distinguishable. The image quality is low.",aug-34-1.png,sofa,2008_001399.jpg
3,0.5,0.4,0.5,0.7,0.6,"The image contains a sofa, but the presence of a person and the overall distortion reduce clarity and structural integrity.",aug-34-2.png,sofa,2008_001399.jpg
4,0.5,0.4,0.5,0.6,0.5,"The sofa is partially visible and distorted, making it less distinguishable. The image quality is low.",aug-34-3.png,sofa,2008_001399.jpg
5,0.7,0.6,0.7,0.8,0.7,"The image closely resembles the reference with some beneficial variations in lighting and color, but slight distortions are present.",aug-34-4.png,sofa,2008_001399.jpg
6,0.6,0.5,0.6,0.7,0.6,"The image contains a sofa, but the presence of a person and the overall distortion reduce clarity and structural integrity.",aug-34-5.png,sofa,2008_001399.jpg
7,0.7,0.6,0.7,0.8,0.7,"The image closely resembles the reference with some beneficial variations in lighting and color, but slight distortions are present.",aug-34-6.png,sofa,2008_001399.jpg
8,0.6,0.5,0.6,0.7,0.6,"The image contains a sofa, but the presence of a person and the overall distortion reduce clarity and structural integrity.",aug-34-7.png,sofa,2008_001399.jpg
9,0.7,0.6,0.7,0.8,0.7,"The image closely resembles the reference with some beneficial variations in lighting and color, but slight distortions are present.",aug-34-8.png,sofa,2008_001399.jpg
10,0.7,0.6,0.7,0.8,0.7,"The image closely resembles the reference with some beneficial variations in lighting and color, but slight distortions are present.",aug-34-9.png,sofa,2008_001399.jpg
1,0.2,0.3,0.2,0.5,0.4,"The image is heavily distorted and the core features of a sofa are not clearly visible. The visual quality is poor, and the structure is not well maintained. There is some diversity, but the variations are not beneficial for classification.",aug-35-0.png,sofa,2009_004301.jpg
2,0.6,0.5,0.6,0.7,0.6,"The image shows a sofa-like structure but is somewhat distorted. The visual quality is moderate, and the structure is fairly maintained. There is good diversity and some beneficial variations.",aug-35-1.png,sofa,2009_004301.jpg
3,0.1,0.2,0.1,0.4,0.3,"The image is highly distorted and does not clearly represent a sofa. The visual quality is poor, and the structure is not well maintained. There is some diversity, but the variations are not beneficial.",aug-35-2.png,sofa,2009_004301.jpg
4,0.3,0.4,0.3,0.5,0.4,"The image is distorted and the core features of a sofa are not clearly visible. The visual quality is moderate, and the structure is somewhat maintained. There is some diversity, but the variations are not highly beneficial.",aug-35-3.png,sofa,2009_004301.jpg
5,0.2,0.3,0.2,0.5,0.4,"The image is heavily distorted and the core features of a sofa are not clearly visible. The visual quality is poor, and the structure is not well maintained. There is some diversity, but the variations are not beneficial for classification.",aug-35-4.png,sofa,2009_004301.jpg
6,0.2,0.3,0.2,0.5,0.4,"The image is heavily distorted and the core features of a sofa are not clearly visible. The visual quality is poor, and the structure is not well maintained. There is some diversity, but the variations are not beneficial for classification.",aug-35-5.png,sofa,2009_004301.jpg
7,0.2,0.3,0.2,0.5,0.4,"The image is heavily distorted and the core features of a sofa are not clearly visible. The visual quality is poor, and the structure is not well maintained. There is some diversity, but the variations are not beneficial for classification.",aug-35-6.png,sofa,2009_004301.jpg
8,0.2,0.3,0.2,0.5,0.4,"The image is heavily distorted and the core features of a sofa are not clearly visible. The visual quality is poor, and the structure is not well maintained. There is some diversity, but the variations are not beneficial for classification.",aug-35-7.png,sofa,2009_004301.jpg
9,0.2,0.3,0.2,0.5,0.4,"The image is heavily distorted and the core features of a sofa are not clearly visible. The visual quality is poor, and the structure is not well maintained. There is some diversity, but the variations are not beneficial for classification.",aug-35-8.png,sofa,2009_004301.jpg
10,0.2,0.3,0.2,0.5,0.4,"The image is heavily distorted and the core features of a sofa are not clearly visible. The visual quality is poor, and the structure is not well maintained. There is some diversity, but the variations are not beneficial for classification.",aug-35-9.png,sofa,2009_004301.jpg
1,0.7,0.6,0.7,0.8,0.7,"The image maintains the core features of a train but has significant visual alterations and artifacts. The structure is mostly intact, and the variations in design and color add diversity.",aug-37-0.png,train,2009_005287.jpg
2,0.6,0.5,0.6,0.8,0.7,"The image represents a train but with notable distortions and artifacts. The structure is somewhat preserved, and the variations in design and color contribute to diversity.",aug-37-1.png,train,2009_005287.jpg
3,0.9,0.8,0.9,0.6,0.7,"The image closely resembles the reference train with minor visual alterations. The structure is well-maintained, and the variations are beneficial for generalization.",aug-37-2.png,train,2009_005287.jpg
4,0.5,0.4,0.5,0.7,0.6,"The image has significant visual distortions and artifacts, making it less clear. The structure is somewhat preserved, and the variations add some diversity.",aug-37-3.png,train,2009_005287.jpg
5,0.6,0.5,0.6,0.8,0.7,"The image represents a train but with notable visual alterations and artifacts. The structure is somewhat preserved, and the variations in design and color contribute to diversity.",aug-37-4.png,train,2009_005287.jpg
6,0.5,0.4,0.5,0.7,0.6,"The image has significant visual distortions and artifacts, making it less clear. The structure is somewhat preserved, and the variations add some diversity.",aug-37-5.png,train,2009_005287.jpg
7,0.9,0.8,0.9,0.6,0.7,"The image closely resembles the reference train with minor visual alterations. The structure is well-maintained, and the variations are beneficial for generalization.",aug-37-6.png,train,2009_005287.jpg
8,0.9,0.8,0.9,0.6,0.7,"The image closely resembles the reference train with minor visual alterations. The structure is well-maintained, and the variations are beneficial for generalization.",aug-37-7.png,train,2009_005287.jpg
9,0.6,0.5,0.6,0.8,0.7,"The image represents a train but with notable visual alterations and artifacts. The structure is somewhat preserved, and the variations in design and color contribute to diversity.",aug-37-8.png,train,2009_005287.jpg
10,0.5,0.4,0.5,0.7,0.6,"The image has significant visual distortions and artifacts, making it less clear. The structure is somewhat preserved, and the variations add some diversity.",aug-37-9.png,train,2009_005287.jpg
1,0.8,0.7,0.8,0.9,0.8,"The image maintains the core features of a train and introduces a different type of train. The visual quality is good, but there are some artifacts. The structure is mostly intact, and the diversity is high with beneficial variations in design and context.",aug-36-0.png,train,2010_003274.jpg
2,0.9,0.8,0.9,0.7,0.7,"The image closely resembles the reference with minor changes. The visual quality is good, and the structure is well-maintained. The diversity is moderate, with some beneficial variations in the environment.",aug-36-1.png,train,2010_003274.jpg
3,0.7,0.6,0.7,0.8,0.7,"The image maintains the train class but has noticeable artifacts and distortions. The structure is somewhat preserved, and the diversity is high with beneficial variations in design and context.",aug-36-2.png,train,2010_003274.jpg
4,0.8,0.7,0.8,0.8,0.8,"The image maintains the core features of a train with some changes in design. The visual quality is good, but there are some artifacts. The structure is mostly intact, and the diversity is high with beneficial variations in design and context.",aug-36-3.png,train,2010_003274.jpg
5,0.9,0.8,0.9,0.7,0.7,"The image closely resembles the reference with minor changes. The visual quality is good, and the structure is well-maintained. The diversity is moderate, with some beneficial variations in the environment.",aug-36-4.png,train,2010_003274.jpg
6,0.9,0.8,0.9,0.7,0.7,"The image closely resembles the reference with minor changes. The visual quality is good, and the structure is well-maintained. The diversity is moderate, with some beneficial variations in the environment.",aug-36-5.png,train,2010_003274.jpg
7,0.8,0.7,0.8,0.8,0.8,"The image maintains the core features of a train with some changes in design. The visual quality is good, but there are some artifacts. The structure is mostly intact, and the diversity is high with beneficial variations in design and context.",aug-36-6.png,train,2010_003274.jpg
8,0.8,0.7,0.8,0.8,0.8,"The image maintains the core features of a train with some changes in design. The visual quality is good, but there are some artifacts. The structure is mostly intact, and the diversity is high with beneficial variations in design and context.",aug-36-7.png,train,2010_003274.jpg
9,0.9,0.8,0.9,0.7,0.7,"The image closely resembles the reference with minor changes. The visual quality is good, and the structure is well-maintained. The diversity is moderate, with some beneficial variations in the environment.",aug-36-8.png,train,2010_003274.jpg
10,0.8,0.7,0.8,0.8,0.8,"The image maintains the core features of a train with some changes in design. The visual quality is good, but there are some artifacts. The structure is mostly intact, and the diversity is high with beneficial variations in design and context.",aug-36-9.png,train,2010_003274.jpg
1,0.9,0.7,0.9,0.3,0.4,"The image maintains the core features of the class with dual monitors and a keyboard. However, the image quality is slightly lower, and there are minor artifacts.",aug-38-0.png,television,2007_000121.jpg
2,0.7,0.5,0.7,0.5,0.6,"The image shows two monitors and a keyboard, but the monitors are different models, and the image quality is lower with some artifacts.",aug-38-1.png,television,2007_000121.jpg
3,0.9,0.6,0.9,0.4,0.5,"The image maintains the core features of the class with dual monitors and a keyboard. However, the image quality is slightly lower, and there are minor artifacts.",aug-38-2.png,television,2007_000121.jpg
4,0.8,0.6,0.8,0.4,0.5,"The image maintains the core features of the class with dual monitors and a keyboard. However, the image quality is slightly lower, and there are minor artifacts.",aug-38-3.png,television,2007_000121.jpg
5,0.6,0.4,0.6,0.6,0.7,"The image shows two monitors and a keyboard, but the monitors are different models, and the image quality is lower with some artifacts.",aug-38-4.png,television,2007_000121.jpg
6,0.8,0.6,0.8,0.4,0.5,"The image maintains the core features of the class with dual monitors and a keyboard. However, the image quality is slightly lower, and there are minor artifacts.",aug-38-5.png,television,2007_000121.jpg
7,0.8,0.6,0.8,0.4,0.5,"The image maintains the core features of the class with dual monitors and a keyboard. However, the image quality is slightly lower, and there are minor artifacts.",aug-38-6.png,television,2007_000121.jpg
8,0.8,0.6,0.8,0.4,0.5,"The image maintains the core features of the class with dual monitors and a keyboard. However, the image quality is slightly lower, and there are minor artifacts.",aug-38-7.png,television,2007_000121.jpg
9,0.4,0.3,0.4,0.7,0.8,"The image shows two monitors and a keyboard, but the monitors are different models, and the image quality is lower with some artifacts.",aug-38-8.png,television,2007_000121.jpg
10,0.7,0.5,0.7,0.5,0.6,"The image shows two monitors and a keyboard, but the monitors are different models, and the image quality is lower with some artifacts.",aug-38-9.png,television,2007_000121.jpg
1,0.2,0.3,0.2,0.5,0.4,"The image contains a desk with various objects, but the television is not clearly visible or distinguishable.",aug-39-0.png,television,2010_005805.jpg
2,0.2,0.3,0.2,0.5,0.4,"The image contains a desk with various objects, but the television is not clearly visible or distinguishable.",aug-39-1.png,television,2010_005805.jpg
3,0.2,0.3,0.2,0.5,0.4,"The image contains a desk with various objects, but the television is not clearly visible or distinguishable.",aug-39-2.png,television,2010_005805.jpg
4,0.8,0.7,0.8,0.3,0.4,"The image is similar to the reference with a television and a cat, but the variations are minimal.",aug-39-3.png,television,2010_005805.jpg
5,0.2,0.3,0.2,0.5,0.4,"The image contains a desk with various objects, but the television is not clearly visible or distinguishable.",aug-39-4.png,television,2010_005805.jpg
6,0.8,0.7,0.8,0.3,0.4,"The image is similar to the reference with a television and a cat, but the variations are minimal.",aug-39-5.png,television,2010_005805.jpg
7,0.2,0.3,0.2,0.5,0.4,"The image contains a desk with various objects, but the television is not clearly visible or distinguishable.",aug-39-6.png,television,2010_005805.jpg
8,0.2,0.3,0.2,0.5,0.4,"The image contains a desk with various objects, but the television is not clearly visible or distinguishable.",aug-39-7.png,television,2010_005805.jpg
9,0.2,0.3,0.2,0.5,0.4,"The image contains a desk with various objects, but the television is not clearly visible or distinguishable.",aug-39-8.png,television,2010_005805.jpg
10,0.2,0.3,0.2,0.5,0.4,"The image contains a desk with various objects, but the television is not clearly visible or distinguishable.",aug-39-9.png,television,2010_005805.jpg
